,program_name,program_url
0,Payment,https://bugcrowd.com/programs/teasers/divine-darkness-4842
1,Avito,https://bugcrowd.com/avito
2,Lbrands Victoria's Secret - VDP Pro,https://bugcrowd.com/lbrands-vs-vdp
3,Federal Communications Commission: Vulnerability Disclosure Program,https://bugcrowd.com/fcc-vdp
4,ID & digital public services for Ukraine,https://bugcrowd.com/programs/teasers/frosty-thunder-5079
5,Department of Homeland Security: Vulnerability Disclosure Program,https://bugcrowd.com/dhs-vdp
6,National Labor Relations Board: Vulnerability Disclosure Program,https://bugcrowd.com/nlrb-vdp
7,Federal Retirement Thrift Investment Board : Vulnerability Disclosure Program,https://bugcrowd.com/frtib-vdp
8,Millennium Challenge Corporation: Vulnerability Disclosure Program,https://bugcrowd.com/mcc-vdp
9,United States Department of Agriculture: Vulnerability Disclosure Program,https://bugcrowd.com/usda-vdp
10,Department of Labor: Vulnerability Disclosure Program,https://bugcrowd.com/dol-vdp
11,Privacy and Civil Liberties Oversight Board: Vulnerability Disclosure Program,https://bugcrowd.com/pclob-vdp
12,Equal Employment Opportunity Commission: Vulnerability Disclosure Program,https://bugcrowd.com/eeoc-vdp
13,Occupational Safety and Health Review Commission: Vulnerability Disclosure Program,https://bugcrowd.com/oshrc-vdp
14,Court Services and Offender Supervision Agency: Vulnerability Disclosure Program,https://bugcrowd.com/csosa-vdp
15,Ibotta,https://bugcrowd.com/ibotta
16,OneTrust,https://bugcrowd.com/onetrust
17,Bullish.com,https://bugcrowd.com/bullish
18,AMEX - Global Business Travel Vulnerability Disclosure Program,https://bugcrowd.com/amexgbt-vdp
19,Deribit,https://bugcrowd.com/deribit
20,Twilio,https://bugcrowd.com/twilio
21,A multinational consumer goods is looking for top talent to secure their huge attack surface!,https://bugcrowd.com/programs/teasers/aCinC48ZuX41qsYYrDuQ5PK4
22,Help Keep One of the World's Largest Retailers Safe!,https://bugcrowd.com/programs/teasers/Pn7YEFSanfM8zqKGDo6rdZce
23,Upwork,https://bugcrowd.com/upwork
24,Unity Technology,https://bugcrowd.com/unity
25,Smartmockups,https://bugcrowd.com/smartmockups
26,Pixabay,https://bugcrowd.com/pixabay
27,Pexels,https://bugcrowd.com/pexels
28,Lbrands Bath & Body Works - VDP Pro,https://bugcrowd.com/lbrands-bbw-vdp
29,RealSelf,https://bugcrowd.com/realself
30,Elementor: Bug Bounty Program,https://bugcrowd.com/elementor
31,Endurance ,https://bugcrowd.com/endurance
32,Memsource Vulnerability Disclosure Program,https://bugcrowd.com/memsource-vdp
33,K15t,https://bugcrowd.com/k15t
34,Stiltsoft,https://bugcrowd.com/stiltsoft
35,Help Create a Secure & Better Way to Live ,https://bugcrowd.com/programs/teasers/2PW2ao9Pxm8LBBfiQyooT29J
36,Web.com,https://bugcrowd.com/webdotcom
37,BlueHost India VDP Pro,https://bugcrowd.com/newfold-bluehostindia-vdp
38,Credit Karma,https://bugcrowd.com/creditkarma
39,HostGator,https://bugcrowd.com/endurance-hostgator
40,Reseller Club VDP Pro,https://bugcrowd.com/newfold-resellerclub-vdp
41, 1Password,https://bugcrowd.com/agilebits
42,Contrast Security,https://bugcrowd.com/contrast-security
43,Domain.com,https://bugcrowd.com/endurance-domain
44,iPage,https://bugcrowd.com/endurance-ipage
45,TripAdvisor Mobile,https://bugcrowd.com/tripadvisor-mobile
46,Leading digital transaction provider. New mobile targets introduced recently!,https://bugcrowd.com/programs/teasers/Jpzfw2e8eSJaYSjdN9TGiK8d
47,lululemon,https://bugcrowd.com/lululemon
48,Electroneum,https://bugcrowd.com/electroneum
49,A fantasy sports platform with over 100 million users,https://bugcrowd.com/programs/teasers/APnRLRQMhtdKEokr6Sd3TWEi
50,SnapNames VDP,https://bugcrowd.com/snapnames-vdp
51,NameJet VDP,https://bugcrowd.com/namejet-vdp
52,Accellion Enterprise Content Firewall ,https://bugcrowd.com/accellion-public
53,Mail.ru Group,https://bugcrowd.com/mailru
54,Cloud Security Platform,https://bugcrowd.com/programs/teasers/gaCPhg1rSBNy9AeVKnmbi9Rv
55,Jumbo Privacy,https://bugcrowd.com/jumboprivacy
56,Whatfix,https://bugcrowd.com/whatfix
57,Step Public Applications,https://bugcrowd.com/step-public
58,Cengage VDP,https://bugcrowd.com/cengage-vdp
59,Cloudinary,https://bugcrowd.com/cloudinary
60,Help an AdTech Company Stay Safe!,https://bugcrowd.com/programs/teasers/LpGD4WXdR2UTu2mJ9pdhUMvA
61,Aruba Networks Public Program,https://bugcrowd.com/aruba-public
62,Mailgun ,https://bugcrowd.com/mailgun
63,Regions Bank Vulnerability Disclosure Program ,https://bugcrowd.com/regions-vdp
64,Gusto,https://bugcrowd.com/gusto
65,UK FinTech business banking mobile application,https://bugcrowd.com/programs/teasers/NrkF3VgMxU9gFeFEpysYzGc2
66,Western Union,https://bugcrowd.com/westernunion
67,"Acorns Grow, Inc.",https://bugcrowd.com/acorns
68,Intercom,https://bugcrowd.com/intercom
69,SailPoint,https://bugcrowd.com/programs/teasers/crimson-wind-1005
70,DICK'S Sporting Goods,https://bugcrowd.com/dickssportinggoods
71,Sprout Social,https://bugcrowd.com/sproutsocial
72,Cash App,https://bugcrowd.com/cashapp
73,NAB's Responsible Disclosure Program,https://bugcrowd.com/nationalaustraliabankog
74,Platform Hosting Infrastructure from Leading Provider of Computing Software,https://bugcrowd.com/programs/teasers/qoUJFQbS1dRvXQBWutnwDUHx
75,A Leading Financial Services and Insurance Company,https://bugcrowd.com/programs/teasers/PhZA2CKG9vHhhBVM4EwcXuaJ
76,Indeed,https://bugcrowd.com/indeed
77,Web + API Applications in this OnGoing Bug Bounty Program,https://bugcrowd.com/programs/teasers/ovv41tyYARpWDHrCsFHLse6D
78,Kistler Vulnerability Disclosure Program,https://bugcrowd.com/kistler-vdp
79,Jora,https://bugcrowd.com/jora
80,Opera Public Bug Bounty,https://bugcrowd.com/opera
81,Caffeine,https://bugcrowd.com/caffeine
82,20 Minuten,https://bugcrowd.com/twentyminuten
83, Comcast Xfinity Vulnerability Disclosure Program,https://bugcrowd.com/comcastvdp
84,Algorand,https://bugcrowd.com/algorand
85,SmartThings Vulnerability Disclosure,https://bugcrowd.com/smartthings
86,Redox,https://bugcrowd.com/redox
87,Xfinity Opensource,https://bugcrowd.com/xfinity-opensource
88,OLX Group,https://bugcrowd.com/olxgroup
89,Mobility Company Looking for Your Skills!,https://bugcrowd.com/programs/teasers/pY68GCL2kFMfrz1meTHJAXh4
90,Sophos,https://bugcrowd.com/sophos
91,Help secure this Peer-to-Peer Marketplace,https://bugcrowd.com/programs/teasers/4WFYRFh1eGZhkPzZbuVCdCew
92,Growtopia,https://bugcrowd.com/growtopia
93,Okta,https://bugcrowd.com/okta
94,EOSIO Software and System Contracts,https://bugcrowd.com/eos-smart-contracts
95,Web.com VDP,https://bugcrowd.com/webdotcom-vdp
96,codefortynine,https://bugcrowd.com/codefortynine
97,Canva,https://bugcrowd.com/canva
98,Centrify,https://bugcrowd.com/centrify
99,HubSpot,https://bugcrowd.com/hubspot
100,Socrata,https://bugcrowd.com/socrata
101,Docusign: Vulnerability Disclosure Program,https://bugcrowd.com/docusign-vdp
102,Netflix,https://bugcrowd.com/netflix
103,Arlo Cash Rewards,https://bugcrowd.com/arlo
104,Kenna Security,https://bugcrowd.com/kennasecurity
105,eero,https://bugcrowd.com/eero
106,Host Gator LATAM,https://bugcrowd.com/endurance-hostgatorlatam
107,LogicBoxes / OrderBox,https://bugcrowd.com/endurance-orderbox
108,"Experience football connection like never before, bringing fantasy to reality and keep players secure!",https://bugcrowd.com/programs/teasers/o3eqyEZ2zbGoQXXBW65NBhkD
109,Websitebuilder.com,https://bugcrowd.com/endurance-builder
110,Asana,https://bugcrowd.com/asana
111,PlanetHoster,https://bugcrowd.com/planethosterinc
112,Directly,https://bugcrowd.com/directly
113,"Simplifying complex work wherever, and you can help secure it! (2x bonus rewards)",https://bugcrowd.com/programs/teasers/Vjpfr6mxTdGw6VBYRvimMtQJ
114,Starlink,https://bugcrowd.com/spacex
115,Test a unicorn in the airline ticketing and hotel booking industry!,https://bugcrowd.com/programs/teasers/vzeiF8HxunufJrbpNbdrma4g
116,Lime,https://bugcrowd.com/lime
117,tZERO Vulnerability Disclosure Program,https://bugcrowd.com/tzero-vdp
118,iRobot,https://bugcrowd.com/irobot
119,ExpressVPN,https://bugcrowd.com/expressvpn
120,Bluehost,https://bugcrowd.com/endurance-bluehost
121,InVision Enterprise v7,https://bugcrowd.com/invision-v7
122,Segment,https://bugcrowd.com/segment
123,Optimizely,https://bugcrowd.com/optimizely
124,Binance,https://bugcrowd.com/binance
125,Octopus,https://bugcrowd.com/octopus-og
126,Skyscanner,https://bugcrowd.com/skyscanner
127,A leading private media group needs your help to secure their broad list of websites!,https://bugcrowd.com/programs/teasers/xgxjm1AhSnaHgrXb6dhfPKxM
128,Arkose Labs,https://bugcrowd.com/arkose-labs
129,Keeper Security Public Bounty Program,https://bugcrowd.com/keepersecurity
130,A Patient Engagement Platform,https://bugcrowd.com/programs/teasers/dKJhahhbBJQ7FLqLXeAJGMY8
131,BugPoC,https://bugcrowd.com/bugpoc-mbb
132,Blend,https://bugcrowd.com/blend-vdp
133,NeoPhotonics,https://bugcrowd.com/neophotonics
134,Stellantis ,https://bugcrowd.com/stellantis
135,Personal Capital,https://bugcrowd.com/personalcapital
136,WestJet's Vulnerability Disclosure Program,https://bugcrowd.com/westjet-disclose
137,"Automate, customize and extend!",https://bugcrowd.com/programs/teasers/CuK9RZhPuFhKCvewXbxWFy3M
138,FireEye Bug Bounty Program,https://bugcrowd.com/fireeye
139,Bitdefender,https://bugcrowd.com/bitdefender
140,"Web, API, iOS and Android Applications in Ongoing Bounty Program",https://bugcrowd.com/programs/teasers/V8rjBFxupVP2t9xqommVvgXF
141,Cybrary,https://bugcrowd.com/cybrary
142,Mastercard SRC,https://bugcrowd.com/mastercard-src
143,Tesla,https://bugcrowd.com/tesla
144,Viator,https://bugcrowd.com/viator
145,Cloudways,https://bugcrowd.com/cloudways
146,Global Financial Institution,https://bugcrowd.com/programs/teasers/little-smoke-2110
147,An established software company is looking for talented researchers to help secure their broad web and API scope!,https://bugcrowd.com/programs/teasers/poDPNv8MqE1t3GntC8zGMvSi
148,Safety First!,https://bugcrowd.com/programs/teasers/auGYMAudW3xRzkUm5mhBA9nh
149,Unilever Vulnerability Disclosure Program,https://bugcrowd.com/unilever-vdp
150,Be the Authority!,https://bugcrowd.com/programs/teasers/ihjPujsLBGznTPRDeRvLvYBL
151,3 Easy payments,https://bugcrowd.com/programs/teasers/PYG4BcYhkMm668So9ZdYxvFh
152,Wise (ex-TransferWise),https://bugcrowd.com/wise
153,An international IT and telecommunications company would like your help to secure their API and Web targets! Can you help them? ,https://bugcrowd.com/programs/teasers/D6ktyjtr1GH2DVT3dsLw37oL
154,"Automatic, Systematic",https://bugcrowd.com/programs/teasers/ptBb5dBZppXPxL5H4fqatAGb
155,Takeaway.com,https://bugcrowd.com/takeaway
156,Application to find help around the house.,https://bugcrowd.com/programs/teasers/KQaKCY3q8wCF7GQyNjybbbYx
157,Xfinity Home & xFi,https://bugcrowd.com/xfinity-home
158,Better Git Going!,https://bugcrowd.com/programs/teasers/cNBpFBGjMPRKspZYFnrc5Kcu
159,Leading BioTech firm,https://bugcrowd.com/programs/teasers/mJuqBbrajVZMck72L2teD1Km
160,An electronics retailer would like your help!,https://bugcrowd.com/programs/teasers/eQTUitf7a1btxJGEXtAWMtYd
161,"A Cryptocurrency payment system needs your help to secure multiple web applications, APIs and mobile applications!",https://bugcrowd.com/programs/teasers/Rp7kgWq5z8pit9UstPQbSmg9
162,Boozt Fashion,https://bugcrowd.com/boozt-og
163,BitDiscovery,https://bugcrowd.com/bitdiscovery
164,Click here to submit a support ticket!,https://bugcrowd.com/programs/teasers/dzLdTDyKibS7sbLurifaVrGk
165,Help secure an American healthcare provider’s API assets,https://bugcrowd.com/programs/teasers/5VqRm3tLw4kETHq95hGbwgJT
166,Private program for web data visualizer plug-ins,https://bugcrowd.com/programs/teasers/NqPBZv1FQntcnjGu2ejXfeZR
167,SDKs and APIs Oh My!,https://bugcrowd.com/programs/teasers/1Z21mCvj7Fkohij4GEv4L2mv
168,TripAdvisor ,https://bugcrowd.com/tripadvisor-vdp
169,MasterCard VDP,https://bugcrowd.com/mastercard-vdp
170,Naspers,https://bugcrowd.com/naspers
171,Investing Application looks to secure Local Businesses,https://bugcrowd.com/programs/teasers/gEtsxQJAY8i6QgorsUG4bhAt
172,Pinterest,https://bugcrowd.com/pinterest
173,Large rewards on an API heavy program!,https://bugcrowd.com/programs/teasers/xEV8fiDcRXC2ki7Kp9aBZGJ6
174,Atlassian,https://bugcrowd.com/atlassian
175,HealthifyMe's Vulnerability Disclosure Program,https://bugcrowd.com/healthifyme
176,SEEK ,https://bugcrowd.com/seek
177,Made in the USA,https://bugcrowd.com/programs/teasers/6dF5BFZpPHHTUJwzBY1PDJtb
178,Land of the Free,https://bugcrowd.com/programs/teasers/iDZhypDohatBc57iUufGC1MG
179,You Need a Budget (YNAB),https://bugcrowd.com/ynab
180,Algorand,https://bugcrowd.com/algorand-vdp
181,Leading Cybersecurity Solutions Provider,https://bugcrowd.com/programs/teasers/g55EBqXg4edagMyYHdWBRz3S
182,SoundCloud,https://bugcrowd.com/soundcloud
183,WP Engine,https://bugcrowd.com/wpengine
184,Let's go secure this private program!,https://bugcrowd.com/programs/teasers/wz2XjLbMbdSSVadU4sTkDAgJ
185,Mastercard (VDP Extension),https://bugcrowd.com/mastercard-vdp-ext
186,Financial Services Provider,https://bugcrowd.com/programs/teasers/2QPzmcExC5eNu2VF1K3BpWEw
187,Blue Jeans Network,https://bugcrowd.com/bluejeans
188,StackPath,https://bugcrowd.com/stackpath
189,"No hardware, no problem! Route your submissions here!",https://bugcrowd.com/programs/teasers/85QHLUn4xVHNMXnm5RnTXi5i
190,Help secure web and mobile assets of a leading grocery e-commerce platform,https://bugcrowd.com/programs/teasers/CmAFeA8hWbJsUE5S6RTMzAqZ
191,Dell Technologies,https://bugcrowd.com/dell
192,Help Secure an Anti-Crime FinTech Application,https://bugcrowd.com/programs/teasers/8KNfwfm3QXy4HeKXYvL6fRRq
193,Opsgenie,https://bugcrowd.com/opsgenie
194,Transactional email service made for developers,https://bugcrowd.com/programs/teasers/9ivBQDeA2CPxgjupJES2JyLa
195,Telefónica Germany,https://bugcrowd.com/telefonicavdp
196,Today I Learned...,https://bugcrowd.com/programs/teasers/vzN6J6WNBTcH8wKrNPy2qJNc
197,Western Union Kudos ,https://bugcrowd.com/westernunion-kudos
198,Help secure the connection between teachers and students and build better classrooms,https://bugcrowd.com/programs/teasers/nJvfrwkiaktFrMkKdSEexXtz
199,"Help secure an American healthcare provider’s API, web and mobile assets",https://bugcrowd.com/programs/teasers/31HdyjMajAJgMkE5hUB7jC2h
200,"Exciting cloud-based iPad point of sale software company needs your help to secure their Web, API and mobile targets!",https://bugcrowd.com/programs/teasers/qBGsVZkQWfStg2RZq1qyFB4Z
201,End to End Payment Solution,https://bugcrowd.com/programs/teasers/NN5Yd45gNJZdnVaEDPuqkmKH
202,Help make the cloud landscape more secure ,https://bugcrowd.com/programs/teasers/ZgTj3xvrZb2Mj7T796MJqMmz
203,Digital Asset Marketplace Looking for Testers,https://bugcrowd.com/programs/teasers/8ydDkusWMXCAqv4e4CBr2sgt
204,Professional Counselling Provider,https://bugcrowd.com/programs/teasers/dKZe19MnPivPJUoEgw3f5f4S
205,Customer Experience and Resource Planning Applications,https://bugcrowd.com/programs/teasers/igumKmiWyvnL3qBXJeaFevFF
206,The leader in transport fuels.,https://bugcrowd.com/programs/teasers/pinkJ5MeAb2fpEH1QkQA9uuS
207,Help this SaaS Company Stay Secure! ,https://bugcrowd.com/programs/teasers/zgHY35iBCgUX88ta2EhdrvgR
208,Help Keep a Financial Company Secure!,https://bugcrowd.com/programs/teasers/wenDhQkBP4FrJAAUF5jevaPH
209,Help to secure a SaaS HR program,https://bugcrowd.com/programs/teasers/WFDBqi4g48C38aVSNt69zowg
210,Mathematical software solutions provider,https://bugcrowd.com/programs/teasers/eQuhxoBoidGUJpQZgWisbrrk
211,USAA,https://bugcrowd.com/usaa
212,PureVPN,https://bugcrowd.com/purevpn
213,Trello,https://bugcrowd.com/trello
214,Educational tool used by students worldwide,https://bugcrowd.com/programs/teasers/YnMCWcQy4ay1meH5zS4KmQe4
215,Overstock's Vulnerability Disclosure Page!,https://bugcrowd.com/overstockvdp
216,Help secure an American healthcare provider’s web assets,https://bugcrowd.com/programs/teasers/bTgxyayqEaWS6hqUJLruvaT9
217,Arlo Kudos Rewards,https://bugcrowd.com/arlokudos
218,UNDER ARMOUR,https://bugcrowd.com/underarmour
219,Fleet Management Application ,https://bugcrowd.com/programs/teasers/XR31EGGTQjkxREVqi4RNwPXv
220,Moneytree KK,https://bugcrowd.com/moneytreekkog
221,Square Open Source,https://bugcrowd.com/squareopensource
222,A consumer device maker is looking for help securing its hardware/software assets,https://bugcrowd.com/programs/teasers/rp9tjj4WKMn1yTz5VRv46ssZ
223,Etsy,https://bugcrowd.com/etsy
224,Cisco Meraki,https://bugcrowd.com/ciscomeraki
225,Bitdefender Box v2,https://bugcrowd.com/bitdefenderbox2
226,Square,https://bugcrowd.com/square
227,Fitbit,https://bugcrowd.com/fitbit
228,FinTech provider ,https://bugcrowd.com/programs/teasers/muoeF4Rpqf48kDvaANUyG3QQ
229,SAP Concur,https://bugcrowd.com/concur
230,Do you like games?,https://bugcrowd.com/programs/teasers/CVP3tvjhbJZP4tQ4TCscBuaT
231,Sports and Gaming with Large Attack Surface,https://bugcrowd.com/programs/teasers/xyo5VQceR2kZ3ciNALTQeUKM
232,Information Security Company's Ongoing Program,https://bugcrowd.com/programs/teasers/qEcxjGndRoGtHNobumXqvbSJ
233,NETGEAR Kudos Rewards,https://bugcrowd.com/netgearkudos
234,NETGEAR Cash Rewards,https://bugcrowd.com/netgear
235,Retail Company ,https://bugcrowd.com/programs/teasers/mb7DbrFxEqxoFro9MPJiqpA3
236,Leading Travel Company,https://bugcrowd.com/programs/teasers/LLxRJ9BynmzRBJFGVbZTQKxa
237,Payment platform looking for bug hunters!,https://bugcrowd.com/programs/teasers/ZFU5tCmZVAJJc3W3y66eWdfb
238,Splunk Enterprise,https://bugcrowd.com/programs/teasers/dJdv2FdCjveBAoLYhCm8hEPY
239,InVision ,https://bugcrowd.com/invision
240,LastPass,https://bugcrowd.com/lastpass
241,Stream on!,https://bugcrowd.com/programs/teasers/yam5XzDQYwY7uZfGnsLwbAyq
242,OWASP Java Encoder,https://bugcrowd.com/owaspjavaencoder
243,Help secure a shocking new eCommerce platform,https://bugcrowd.com/programs/teasers/BRTLEC2brLWovrqfpFoF7V3R
244,"Constant Contact, Inc.",https://bugcrowd.com/constantcontact
245,Mastercard,https://bugcrowd.com/mastercard
246,OWASP CSRFGuard,https://bugcrowd.com/owaspcrsfguard
247,OWASP Java HTML Sanitizer,https://bugcrowd.com/owaspjavasanitizer
248,OWASP® ZAP,https://bugcrowd.com/owaspzap
249,SecureDrop,https://bugcrowd.com/freedomofpress
250,(ISC)²,https://bugcrowd.com/isc2
251,FoxyCart,https://bugcrowd.com/foxycart
252,"Appliances - Barracuda Networks, Inc.",https://bugcrowd.com/barracuda
253,Humble Bundle,https://bugcrowd.com/humblebundle
254,Pantheon,https://bugcrowd.com/pantheon
255,Statuspage,https://bugcrowd.com/statuspage
256,WHMCS Client Management Portal,https://bugcrowd.com/whmcs
257,Hack Me!,https://bugcrowd.com/hackme
258,Bugcrowd,https://bugcrowd.com/bugcrowd
